{
  "PROGRAM_HEADER_VECTOR": {
    "non": {
      "gt": 11924,
      "lt": 599718,
      "tot": 2479437,
      "gt_pct": 0.004809,
      "lt_pct": 0.241877
    },
    "busy": {
      "gt": 3650,
      "lt": 0,
      "tot": 17423,
      "gt_pct": 0.209493,
      "lt_pct": 0.0
    }
  },
  "CODE_REGION_LIST": {
    "non": {
      "gt": 830,
      "lt": 1622346,
      "tot": 2452320,
      "gt_pct": 0.000338,
      "lt_pct": 0.661556
    },
    "busy": {
      "gt": 878,
      "lt": 206,
      "tot": 17423,
      "gt_pct": 0.050393,
      "lt_pct": 0.011823
    }
  },
  "SECTION_SIZE_VECTOR": {
    "non": {
      "gt": 841173,
      "lt": 45786,
      "tot": 1627716,
      "gt_pct": 0.516781,
      "lt_pct": 0.028129
    },
    "busy": {
      "gt": 9245,
      "lt": 0,
      "tot": 10403,
      "gt_pct": 0.888686,
      "lt_pct": 0.0
    }
  },
  "ELF_HEADER_VECTOR": {
    "non": {
      "gt": 633342,
      "lt": 799268,
      "tot": 1627716,
      "gt_pct": 0.389099,
      "lt_pct": 0.491037
    },
    "busy": {
      "gt": 4053,
      "lt": 4551,
      "tot": 10403,
      "gt_pct": 0.389599,
      "lt_pct": 0.43747
    }
  },
  "STRING_MINHASH": {
    "non": {
      "gt": 0,
      "lt": 2295187,
      "tot": 2479437,
      "gt_pct": 0.0,
      "lt_pct": 0.925689
    },
    "busy": {
      "gt": 174,
      "lt": 340,
      "tot": 17423,
      "gt_pct": 0.009987,
      "lt_pct": 0.019514
    }
  }
}